{
  "baseline": {
    "curt_MWh": 2.925556110456375,
    "charge_MWh": 13.648780316216959,
    "eff_MWh": 13.648780316216959,
    "mcol_A_med": 0.021,
    "tout_A_med": 201.95072630676208
  },
  "temp_priority": {
    "curt_MWh": 6.7998263925779385,
    "charge_MWh": 9.774510034095393,
    "eff_MWh": 9.774510034095393,
    "mcol_A_med": 0.007,
    "tout_A_med": 310.0
  },
  "delta_temp_minus_base": {
    "curt_MWh": 3.8742702821215635,
    "charge_MWh": -3.874270282121566,
    "eff_MWh": -3.874270282121566,
    "mcol_A_med": -0.014000000000000002,
    "tout_A_med": 108.04927369323792
  }
}