{
  "baseline": {
    "curt_MWh": 0.5870289088901908,
    "charge_MWh": 2.758852158313143,
    "eff_MWh": 2.758852158313143,
    "mcol_A_med": 0.021,
    "tout_A_med": 174.37047019516578
  },
  "temp_priority": {
    "curt_MWh": 1.2661039732846167,
    "charge_MWh": 2.079777093918717,
    "eff_MWh": 2.079777093918717,
    "mcol_A_med": 0.00525,
    "tout_A_med": 289.17845097244907
  },
  "delta_temp_minus_base": {
    "curt_MWh": 0.6790750643944259,
    "charge_MWh": -0.6790750643944263,
    "eff_MWh": -0.6790750643944263,
    "mcol_A_med": -0.01575,
    "tout_A_med": 114.80798077728329
  }
}